-- --------------------------------------------------------
-- Host:                         127.0.0.1
-- Server version:               10.1.30-MariaDB - mariadb.org binary distribution
-- Server OS:                    Win32
-- HeidiSQL Version:             9.5.0.5196
-- --------------------------------------------------------

/*!40101 SET @OLD_CHARACTER_SET_CLIENT=@@CHARACTER_SET_CLIENT */;
/*!40101 SET NAMES utf8 */;
/*!50503 SET NAMES utf8mb4 */;
/*!40014 SET @OLD_FOREIGN_KEY_CHECKS=@@FOREIGN_KEY_CHECKS, FOREIGN_KEY_CHECKS=0 */;
/*!40101 SET @OLD_SQL_MODE=@@SQL_MODE, SQL_MODE='NO_AUTO_VALUE_ON_ZERO' */;

-- Dumping data for table banhang.admin: ~0 rows (approximately)
/*!40000 ALTER TABLE `admin` DISABLE KEYS */;
INSERT INTO `admin` (`id`, `name`, `email`, `role`, `status`, `password`, `remember_token`, `created_at`, `updated_at`) VALUES
	(2, 'trang', 'nguyenhuyentrang0706@gmail.com', 1, 1, '$2y$10$XwiVxgfSTTb5UQvo.QTZluZJIE6zLD2yK/hPSjpQMPBvbz294u1Qm', 'GB2xT8Wstmg224vQhlpXxUKARGx7wuulu51gDcWULqYG6m8DYpGqyWfwbfdR', '2018-01-19 14:50:23', '2018-01-19 14:50:23'),
	(3, 'manh', 'truongmanh93@gmail.com', 1, 1, '$2y$10$S5J54T4ckx52j1yZj4L9WOPQGzgm6SJB9MBtUWKBIdBNktWRVi3VS', 'Z08gvGbEdE2LUKpvm5RG4UIVMiEQ3Qk4RJLECBspl1pUEegg6x0x5WRUH8Gh', '2018-03-27 15:12:05', '2018-03-27 15:12:07');
/*!40000 ALTER TABLE `admin` ENABLE KEYS */;

-- Dumping data for table banhang.bills: 3 rows
/*!40000 ALTER TABLE `bills` DISABLE KEYS */;
INSERT INTO `bills` (`id`, `id_customer`, `date_order`, `total`, `payment`, `note`, `status`, `created_at`, `updated_at`) VALUES
	(27, 26, '2018-12-16', 330, 'COD', 'khong', 1, '2018-01-19 20:08:46', '2018-01-19 20:08:46'),
	(28, 27, '2018-01-16', 145, 'COD', 'đa', 0, '2018-01-19 20:08:58', '2018-01-19 20:08:58'),
	(29, 28, '2018-01-17', 190, 'COD', 'không', 0, '2018-01-19 20:02:56', '2018-01-17 14:57:02');
/*!40000 ALTER TABLE `bills` ENABLE KEYS */;

-- Dumping data for table banhang.bill_detail: 4 rows
/*!40000 ALTER TABLE `bill_detail` DISABLE KEYS */;
INSERT INTO `bill_detail` (`id`, `id_bill`, `id_product`, `quantity`, `unit_price`, `created_at`, `updated_at`) VALUES
	(31, 27, 2, 1, 180, '2018-01-16 23:33:30', '2018-01-16 23:33:30'),
	(32, 27, 5, 1, 150, '2018-01-16 23:33:31', '2018-01-16 23:33:31'),
	(33, 28, 9, 1, 145, '2018-01-16 23:57:56', '2018-01-16 23:57:56'),
	(34, 29, 8, 1, 190, '2018-01-17 14:57:02', '2018-01-17 14:57:02');
/*!40000 ALTER TABLE `bill_detail` ENABLE KEYS */;

-- Dumping data for table banhang.customer: 3 rows
/*!40000 ALTER TABLE `customer` DISABLE KEYS */;
INSERT INTO `customer` (`id`, `name`, `gender`, `email`, `address`, `phone_number`, `note`, `created_at`, `updated_at`) VALUES
	(26, 'truong van manh', 'nam', 'manhahihi@gmail.com', 'vinh phúc', '2402384', 'khong', '2018-01-16 23:33:30', '2018-01-16 23:33:30'),
	(27, 'ahihi', 'nam', 'ahihi@gmail.com', 'nam dinh', '3335345', 'đa', '2018-01-16 23:57:56', '2018-01-16 23:57:56'),
	(28, 'lan', 'nam', 'lan@gmail.com', 'ha nam', '131353', 'không', '2018-01-17 14:57:02', '2018-01-17 14:57:02');
/*!40000 ALTER TABLE `customer` ENABLE KEYS */;

-- Dumping data for table banhang.migrations: ~0 rows (approximately)
/*!40000 ALTER TABLE `migrations` DISABLE KEYS */;
/*!40000 ALTER TABLE `migrations` ENABLE KEYS */;

-- Dumping data for table banhang.news: 0 rows
/*!40000 ALTER TABLE `news` DISABLE KEYS */;
/*!40000 ALTER TABLE `news` ENABLE KEYS */;

-- Dumping data for table banhang.password_resets: ~0 rows (approximately)
/*!40000 ALTER TABLE `password_resets` DISABLE KEYS */;
/*!40000 ALTER TABLE `password_resets` ENABLE KEYS */;

-- Dumping data for table banhang.product: ~57 rows (approximately)
/*!40000 ALTER TABLE `product` DISABLE KEYS */;
INSERT INTO `product` (`id`, `name`, `alias`, `id_type`, `description`, `unit_price`, `promotion_price`, `image`, `new`, `status`, `buy_count`, `view_count`, `created_at`, `updated_at`) VALUES
	(1, 'Ốp iphone 5', 'op-iphone-5', 5, '<p>Bảo h&agrave;nh 2 tuần 1 đổi 1 (nếu lỗi).</p>\r\n\r\n<p>Kiểu d&aacute;ng thời trang v&agrave; đẹp mắt.</p>\r\n\r\n<p>Thiết kế vừa vặn v&agrave; &ocirc;m s&aacute;t th&acirc;n m&aacute;y.</p>\r\n\r\n<p>Dễ d&agrave;ng th&aacute;o/lắp ốp v&agrave;o m&aacute;y</p>', 120, 0, '1516015476.jpg', 0, 1, 10, 20, '2018-01-15 18:24:36', '2018-01-15 18:24:36'),
	(2, 'Ốp iphone 5', 'op-iphone-5', 5, '<p>Ốp lưng ch&iacute;nh h&atilde;ng Apple, nguy&ecirc;n seal 100%</p>\r\n\r\n<p>Chất liệu cao cấp, kiểu d&aacute;ng thời trang v&agrave; đẹp mắt.</p>\r\n\r\n<p>Thiết kế vừa vặn v&agrave; &ocirc;m s&aacute;t th&acirc;n m&aacute;y.</p>\r\n\r\n<p>Dễ d&agrave;ng th&aacute;o/lắp ốp v&agrave;o m&aacute;y.</p>', 180, 0, '1516016116.jpg', 1, 1, 13, 38, '2018-01-15 18:35:16', '2018-01-16 23:33:30'),
	(3, 'Ốp iphone 6', 'op-iphone-6', 5, '<p>Ốp lưng ch&iacute;nh h&atilde;ng Apple, nguy&ecirc;n seal 100%</p>\r\n\r\n<p>Chất liệu cao cấp, kiểu d&aacute;ng thời trang v&agrave; đẹp mắt.<br />\r\nThiết kế vừa vặn v&agrave; &ocirc;m s&aacute;t th&acirc;n m&aacute;y.<br />\r\nDễ d&agrave;ng th&aacute;o/lắp ốp v&agrave;o m&aacute;y.</p>', 100, 0, '1516016313.jpg', 1, 1, 15, 16, '2018-01-15 18:38:33', '2018-01-16 17:00:38'),
	(4, 'Ốp iphone 6 plus', 'op-iphone-6-plus', 5, '<p>Ốp lưng ch&iacute;nh h&atilde;ng Apple, nguy&ecirc;n seal 100%</p>\r\n\r\n<p>Chất liệu cao cấp, kiểu d&aacute;ng thời trang v&agrave; đẹp mắt.<br />\r\nThiết kế vừa vặn v&agrave; &ocirc;m s&aacute;t th&acirc;n m&aacute;y.<br />\r\nDễ d&agrave;ng th&aacute;o/lắp ốp v&agrave;o m&aacute;y.</p>', 180, 125, '1516016433.jpg', 1, 1, 100, 90, '2018-01-15 18:40:33', '2018-01-15 18:40:33'),
	(5, 'Ốp iphone 7', 'op-iphone-7', 5, '<p>Bảo h&agrave;nh 2 tuần 1 đổi 1 (nếu lỗi).</p>\r\n\r\n<p>Chất liệu cao cấp, kiểu d&aacute;ng thời trang v&agrave; đẹp mắt.<br />\r\nThiết kế vừa vặn v&agrave; &ocirc;m s&aacute;t th&acirc;n m&aacute;y.<br />\r\nDễ d&agrave;ng th&aacute;o/lắp ốp v&agrave;o m&aacute;y.</p>', 170, 150, '1516016491.jpg', 1, 1, 61, 70, '2018-01-15 18:41:31', '2018-01-16 23:33:31'),
	(6, 'Ốp iphone 6', 'op-iphone-6', 5, '<p>Chất liệu cao cấp, kiểu d&aacute;ng thời trang v&agrave; đẹp mắt.<br />\r\nThiết kế vừa vặn v&agrave; &ocirc;m s&aacute;t th&acirc;n m&aacute;y.<br />\r\nDễ d&agrave;ng th&aacute;o/lắp ốp v&agrave;o m&aacute;y.</p>', 160, 0, '1516016686.jpg', 1, 1, 120, 110, '2018-01-15 18:44:46', '2018-01-15 18:44:46'),
	(7, 'Ốp iphone 7', 'op-iphone-7', 5, '<p>Chất liệu cao cấp, kiểu d&aacute;ng thời trang v&agrave; đẹp mắt.<br />\r\nThiết kế vừa vặn v&agrave; &ocirc;m s&aacute;t th&acirc;n m&aacute;y.<br />\r\nDễ d&agrave;ng th&aacute;o/lắp ốp v&agrave;o m&aacute;y.</p>', 165, 155, '1516016725.jpg', 1, 1, 0, 0, '2018-01-15 18:45:25', '2018-01-15 18:45:25'),
	(8, 'Ốp iphone 8', 'op-iphone-8', 5, '<p>Chất liệu cao cấp, kiểu d&aacute;ng thời trang v&agrave; đẹp mắt.<br />\r\nThiết kế vừa vặn v&agrave; &ocirc;m s&aacute;t th&acirc;n m&aacute;y.<br />\r\nDễ d&agrave;ng th&aacute;o/lắp ốp v&agrave;o m&aacute;y.</p>', 190, 0, '1516016787.jpg', 1, 1, 1, 0, '2018-01-15 18:46:27', '2018-01-17 14:57:02'),
	(9, 'Ốp iphone 5', 'op-iphone-5', 5, '<p>Chất liệu cao cấp, kiểu d&aacute;ng thời trang v&agrave; đẹp mắt.<br />\r\nThiết kế vừa vặn v&agrave; &ocirc;m s&aacute;t th&acirc;n m&aacute;y.<br />\r\nDễ d&agrave;ng th&aacute;o/lắp ốp v&agrave;o m&aacute;y.</p>', 145, 0, '1516016834.png', 1, 1, 1, 0, '2018-01-15 18:47:14', '2018-01-19 18:34:02'),
	(10, 'Ốp iphone 8', 'op-iphone-8', 5, '<p>Chất liệu cao cấp, kiểu d&aacute;ng thời trang v&agrave; đẹp mắt.<br />\r\nThiết kế vừa vặn v&agrave; &ocirc;m s&aacute;t th&acirc;n m&aacute;y.<br />\r\nDễ d&agrave;ng th&aacute;o/lắp ốp v&agrave;o m&aacute;y.</p>', 200, 195, '1516016871.jpg', 1, 1, 0, 0, '2018-01-15 18:47:51', '2018-01-15 18:47:51'),
	(11, 'Ốp sam sung', 'op-sam-sung', 5, '<p>Bảo h&agrave;nh 2 tuần 1 đổi 1 (nếu lỗi).</p>\r\n\r\n<p>Chất liệu cao cấp, kiểu d&aacute;ng thời trang v&agrave; đẹp mắt.<br />\r\nThiết kế vừa vặn v&agrave; &ocirc;m s&aacute;t th&acirc;n m&aacute;y.<br />\r\nDễ d&agrave;ng th&aacute;o/lắp ốp v&agrave;o m&aacute;y.</p>', 125, 0, '1516026315.jpg', 1, 1, 0, 0, '2018-01-15 21:25:15', '2018-01-15 21:25:15'),
	(12, 'Ốp sam sung j2', 'op-sam-sung-j2', 5, '<p>Chất liệu cao cấp, kiểu d&aacute;ng thời trang v&agrave; đẹp mắt.</p>\r\n\r\n<p>Thiết kế vừa vặn v&agrave; &ocirc;m s&aacute;t th&acirc;n m&aacute;y.</p>\r\n\r\n<p>Dễ d&agrave;ng th&aacute;o/lắp ốp v&agrave;o m&aacute;y.</p>', 100, 90, '1516026982.jpg', 0, 1, 24, 0, '2018-01-15 21:36:22', '2018-01-15 21:38:16'),
	(13, 'Ốp sam sung', 'op-sam-sung', 5, '<p>Chất liệu cao cấp, kiểu d&aacute;ng thời trang v&agrave; đẹp mắt.</p>\r\n\r\n<p>Thiết kế vừa vặn v&agrave; &ocirc;m s&aacute;t th&acirc;n m&aacute;y.</p>\r\n\r\n<p>Dễ d&agrave;ng th&aacute;o lắp ốp v&agrave;o m&aacute;y.</p>', 70, 60, '1516027586.jpg', 0, 1, 8, 0, '2018-01-15 21:46:26', '2018-01-15 21:46:26'),
	(14, 'Ốp sam sung A8', 'op-sam-sung-a8', 5, '<p>Bảo h&agrave;nh 2 tuần 1 đổi 1 (nếu lỗi).<br />\r\nĐẹp v&agrave; thời trang<br />\r\nKiểu d&aacute;ng mới lạ, sang trọng v&agrave; chất lượng tốt.<br />\r\nBảo vệ m&aacute;y, an t&acirc;m sử dụng mỗi ng&agrave;y.<br />\r\nChất liệu cao cấp, m&agrave;u sắc đa dạng</p>', 90, 80, '1516027670.gif', 0, 1, 0, 0, '2018-01-15 21:47:50', '2018-01-15 21:47:50'),
	(15, 'Ốp sam sung', 'op-sam-sung', 5, '<p>Bảo h&agrave;nh 1 th&aacute;ng (nếu lỗi).<br />\r\nĐẹp v&agrave; thời trang<br />\r\nKiểu d&aacute;ng mới lạ, sang trọng v&agrave; chất lượng tốt.<br />\r\nBảo vệ m&aacute;y, an t&acirc;m sử dụng mỗi ng&agrave;y.<br />\r\nChất liệu cao cấp, m&agrave;u sắc đa dạng</p>', 120, 0, '1516027754.JPG', 0, 1, 50, 0, '2018-01-15 21:49:14', '2018-01-15 21:49:14'),
	(16, 'Ốp sam sung S8', 'op-sam-sung-s8', 5, '<p>Bảo h&agrave;nh 1 th&aacute;ng (nếu lỗi).<br />\r\nĐẹp v&agrave; thời trang<br />\r\nKiểu d&aacute;ng mới lạ, sang trọng v&agrave; chất lượng tốt.<br />\r\nBảo vệ m&aacute;y, an t&acirc;m sử dụng mỗi ng&agrave;y.<br />\r\nChất liệu cao cấp, m&agrave;u sắc đa dạng</p>', 140, 120, '1516027823.JPG', 0, 1, 19, 0, '2018-01-15 21:50:23', '2018-01-15 21:50:23'),
	(17, 'Ốp sam sung S8', 'op-sam-sung-s8', 5, '<p>Bảo h&agrave;nh 1 th&aacute;ng (nếu lỗi).<br />\r\nĐẹp v&agrave; thời trang<br />\r\nKiểu d&aacute;ng mới lạ, sang trọng v&agrave; chất lượng tốt.<br />\r\nBảo vệ m&aacute;y, an t&acirc;m sử dụng mỗi ng&agrave;y.<br />\r\nChất liệu cao cấp, m&agrave;u sắc đa dạng</p>', 145, 140, '1516027875.gif', 0, 1, 0, 0, '2018-01-15 21:51:15', '2018-01-15 21:51:15'),
	(18, 'Ốp sam sung A5', 'op-sam-sung-a5', 5, '<p>Bảo h&agrave;nh 1 th&aacute;ng (nếu lỗi).<br />\r\nĐẹp v&agrave; thời trang<br />\r\nKiểu d&aacute;ng mới lạ, sang trọng v&agrave; chất lượng tốt.<br />\r\nBảo vệ m&aacute;y, an t&acirc;m sử dụng mỗi ng&agrave;y.<br />\r\nChất liệu cao cấp, m&agrave;u sắc đa dạng</p>', 160, 140, '1516027930.gif', 0, 1, 0, 0, '2018-01-15 21:52:10', '2018-01-15 21:52:10'),
	(19, 'Ốp sam sung A5', 'op-sam-sung-a5', 5, '<p>Bảo h&agrave;nh 1 th&aacute;ng (nếu lỗi).<br />\r\nĐẹp v&agrave; thời trang<br />\r\nKiểu d&aacute;ng mới lạ, sang trọng v&agrave; chất lượng tốt.<br />\r\nBảo vệ m&aacute;y, an t&acirc;m sử dụng mỗi ng&agrave;y.<br />\r\nChất liệu cao cấp, m&agrave;u sắc đa dạng</p>', 120, 100, '1516027969.jpeg', 0, 1, 0, 0, '2018-01-15 21:52:49', '2018-01-15 21:52:49'),
	(20, 'Ốp sam sung galaxy note', 'op-sam-sung-galaxy-note', 5, '<p>Bảo h&agrave;nh 1 th&aacute;ng (nếu lỗi).<br />\r\nĐẹp v&agrave; thời trang<br />\r\nKiểu d&aacute;ng mới lạ, sang trọng v&agrave; chất lượng tốt.<br />\r\nBảo vệ m&aacute;y, an t&acirc;m sử dụng mỗi ng&agrave;y.<br />\r\nChất liệu cao cấp, m&agrave;u sắc đa dạng</p>', 165, 140, '1516028040.jpg', 1, 1, 0, 0, '2018-01-15 21:54:00', '2018-01-15 21:54:00'),
	(21, 'Ốp oppo R7', 'op-oppo-r7', 5, '<p>Bảo h&agrave;nh 1 th&aacute;ng (nếu lỗi).<br />\r\nĐẹp v&agrave; thời trang<br />\r\nKiểu d&aacute;ng mới lạ, sang trọng v&agrave; chất lượng tốt.<br />\r\nBảo vệ m&aacute;y, an t&acirc;m sử dụng mỗi ng&agrave;y.<br />\r\nChất liệu cao cấp, m&agrave;u sắc đa dạng</p>', 120, 100, '1516028278.jpg', 0, 1, 12, 0, '2018-01-15 21:57:58', '2018-01-15 21:57:58'),
	(22, 'Ốp oppo F1', 'op-oppo-f1', 5, '<p>Bảo h&agrave;nh 1 th&aacute;ng (nếu lỗi).<br />\r\nĐẹp v&agrave; thời trang<br />\r\nKiểu d&aacute;ng mới lạ, sang trọng v&agrave; chất lượng tốt.<br />\r\nBảo vệ m&aacute;y, an t&acirc;m sử dụng mỗi ng&agrave;y.<br />\r\nChất liệu cao cấp, m&agrave;u sắc đa dạng</p>', 140, 135, '1516028325.jpg', 0, 1, 11, 0, '2018-01-15 21:58:45', '2018-01-15 21:58:45'),
	(23, 'Ốp oppo F3', 'op-oppo-f3', 5, '<p>Bảo h&agrave;nh 1 th&aacute;ng (nếu lỗi).<br />\r\nĐẹp v&agrave; thời trang<br />\r\nKiểu d&aacute;ng mới lạ, sang trọng v&agrave; chất lượng tốt.<br />\r\nBảo vệ m&aacute;y, an t&acirc;m sử dụng mỗi ng&agrave;y.<br />\r\nChất liệu cao cấp, m&agrave;u sắc đa dạng</p>', 120, 110, '1516028408.jpg', 0, 1, 9, 0, '2018-01-15 22:00:08', '2018-01-15 22:00:08'),
	(24, 'Ốp oppo', 'op-oppo', 5, '<p>Bảo h&agrave;nh 1 th&aacute;ng (nếu lỗi).<br />\r\nĐẹp v&agrave; thời trang<br />\r\nKiểu d&aacute;ng mới lạ, sang trọng v&agrave; chất lượng tốt.<br />\r\nBảo vệ m&aacute;y, an t&acirc;m sử dụng mỗi ng&agrave;y.<br />\r\nChất liệu cao cấp, m&agrave;u sắc đa dạng</p>', 135, 130, '1516028711.jpg', 0, 1, 0, 0, '2018-01-15 22:05:11', '2018-01-15 22:05:11'),
	(25, 'Ốp oppo', 'op-oppo', 5, '<p>Bảo h&agrave;nh 1 th&aacute;ng (nếu lỗi).<br />\r\nĐẹp v&agrave; thời trang<br />\r\nKiểu d&aacute;ng mới lạ, sang trọng v&agrave; chất lượng tốt.<br />\r\nBảo vệ m&aacute;y, an t&acirc;m sử dụng mỗi ng&agrave;y.<br />\r\nChất liệu cao cấp, m&agrave;u sắc đa dạng</p>', 80, 70, '1516029256.jpg', 0, 1, 0, 0, '2018-01-15 22:14:16', '2018-01-15 22:14:16'),
	(26, 'Ốp oppo', 'op-oppo', 5, '<p>Bảo h&agrave;nh 1 th&aacute;ng (nếu lỗi).<br />\r\nĐẹp v&agrave; thời trang<br />\r\nKiểu d&aacute;ng mới lạ, sang trọng v&agrave; chất lượng tốt.<br />\r\nBảo vệ m&aacute;y, an t&acirc;m sử dụng mỗi ng&agrave;y.<br />\r\nChất liệu cao cấp, m&agrave;u sắc đa dạng</p>', 90, 85, '1516029333.jpg', 0, 1, 0, 0, '2018-01-15 22:15:33', '2018-01-15 22:15:33'),
	(27, 'Ốp oppo', 'op-oppo', 5, '<p>Bảo h&agrave;nh 1 th&aacute;ng (nếu lỗi).<br />\r\nĐẹp v&agrave; thời trang<br />\r\nKiểu d&aacute;ng mới lạ, sang trọng v&agrave; chất lượng tốt.<br />\r\nBảo vệ m&aacute;y, an t&acirc;m sử dụng mỗi ng&agrave;y.<br />\r\nChất liệu cao cấp, m&agrave;u sắc đa dạng</p>', 120, 110, '1516029524.jpg', 0, 1, 0, 0, '2018-01-15 22:18:44', '2018-01-15 22:18:44'),
	(28, 'Ốp oppo', 'op-oppo', 5, '<p>Bảo h&agrave;nh 1 th&aacute;ng (nếu lỗi).<br />\r\nĐẹp v&agrave; thời trang<br />\r\nKiểu d&aacute;ng mới lạ, sang trọng v&agrave; chất lượng tốt.<br />\r\nBảo vệ m&aacute;y, an t&acirc;m sử dụng mỗi ng&agrave;y.<br />\r\nChất liệu cao cấp, m&agrave;u sắc đa dạng</p>', 150, 140, '1516029550.jpg', 1, 1, 0, 0, '2018-01-15 22:19:10', '2018-01-15 22:19:10'),
	(29, 'Ốp oppo', 'op-oppo', 5, '<p>Bảo h&agrave;nh 1 th&aacute;ng (nếu lỗi).<br />\r\nĐẹp v&agrave; thời trang<br />\r\nKiểu d&aacute;ng mới lạ, sang trọng v&agrave; chất lượng tốt.<br />\r\nBảo vệ m&aacute;y, an t&acirc;m sử dụng mỗi ng&agrave;y.<br />\r\nChất liệu cao cấp, m&agrave;u sắc đa dạng</p>', 150, 145, '1516029578.jpg', 0, 1, 0, 0, '2018-01-15 22:19:38', '2018-01-15 22:19:38'),
	(30, 'Tai nghe iphone', 'tai-nghe-iphone', 6, '<p>Bảo h&agrave;nh 1 năm ch&iacute;nh h&atilde;ng. (Xem chi tiết)<br />\r\nJack 3.5 mm ph&ugrave; hợp với đa số smartphone, ipad,..<br />\r\nThiết kế hiện đại, đầu tai nghe tr&ograve;n theo h&igrave;nh d&aacute;ng của tai.<br />\r\nC&oacute; ph&iacute;m điều chỉnh &acirc;m lượng, nghe/nhận cuộc gọi.<br />\r\nMicro t&iacute;ch hợp c&oacute; khả năng lọc tiếng ồn.<br />\r\nSản phẩm ch&iacute;nh h&atilde;ng nguy&ecirc;n seal 100%.</p>', 500, 0, '1516043966.png', 1, 1, 15, 0, '2018-01-16 02:19:26', '2018-01-16 02:19:26'),
	(31, 'Tai nghe iphone', 'tai-nghe-iphone', 6, '<p>Bảo h&agrave;nh 1 năm ch&iacute;nh h&atilde;ng. (Xem chi tiết)<br />\r\nJack 3.5 mm ph&ugrave; hợp với đa số smartphone, ipad,..<br />\r\nThiết kế hiện đại, đầu tai nghe tr&ograve;n theo h&igrave;nh d&aacute;ng của tai.<br />\r\nC&oacute; ph&iacute;m điều chỉnh &acirc;m lượng, nghe/nhận cuộc gọi.<br />\r\nMicro t&iacute;ch hợp c&oacute; khả năng lọc tiếng ồn.<br />\r\nSản phẩm ch&iacute;nh h&atilde;ng nguy&ecirc;n seal 100%.</p>', 650, 550, '1516044025.jpg', 0, 1, 70, 0, '2018-01-16 02:20:25', '2018-01-16 02:20:25'),
	(32, 'Tai nghe iphone', 'tai-nghe-iphone', 6, '<p>Bảo h&agrave;nh 1 năm ch&iacute;nh h&atilde;ng. (Xem chi tiết)<br />\r\nJack 3.5 mm ph&ugrave; hợp với đa số smartphone, ipad,..<br />\r\nThiết kế hiện đại, đầu tai nghe tr&ograve;n theo h&igrave;nh d&aacute;ng của tai.<br />\r\nC&oacute; ph&iacute;m điều chỉnh &acirc;m lượng, nghe/nhận cuộc gọi.<br />\r\nMicro t&iacute;ch hợp c&oacute; khả năng lọc tiếng ồn.<br />\r\nSản phẩm ch&iacute;nh h&atilde;ng nguy&ecirc;n seal 100%.</p>', 790, 700, '1516044063.jpg', 0, 1, 34, 0, '2018-01-16 02:21:03', '2018-01-16 02:21:03'),
	(33, 'Tai nghe iphone', 'tai-nghe-iphone', 6, '<p>Bảo h&agrave;nh 1 năm ch&iacute;nh h&atilde;ng. (Xem chi tiết)<br />\r\nJack 3.5 mm ph&ugrave; hợp với đa số smartphone, ipad,..<br />\r\nThiết kế hiện đại, đầu tai nghe tr&ograve;n theo h&igrave;nh d&aacute;ng của tai.<br />\r\nC&oacute; ph&iacute;m điều chỉnh &acirc;m lượng, nghe/nhận cuộc gọi.<br />\r\nMicro t&iacute;ch hợp c&oacute; khả năng lọc tiếng ồn.<br />\r\nSản phẩm ch&iacute;nh h&atilde;ng nguy&ecirc;n seal 100%.</p>', 300, 0, '1516044095.jpg', 1, 1, 0, 0, '2018-01-16 02:21:35', '2018-01-16 02:21:35'),
	(34, 'Tai nghe iphone', 'tai-nghe-iphone', 6, '<p>Thuộc dạng tai nghe in-ear - nh&eacute;t tai<br />\r\nChất liệu nam ch&acirc;m neodymium 300kJ/m3 được d&ugrave;ng để t&aacute;i tạo &acirc;m Bass mạnh mẽ v&agrave; sống động<br />\r\nĐường k&iacute;nh: 13,5 mm<br />\r\nĐộ nhạy: 104 dB<br />\r\nTần số đ&aacute;p ứng: 18-22.000 Hz<br />\r\nC&ocirc;ng suất đầu v&agrave;o tối đa: 100 mW<br />\r\nTrở kh&aacute;ng: 16 &Omega;<br />\r\nChiều d&agrave;i c&aacute;p: 1,2 m<br />\r\nKết nối: Jack mini stereo<br />\r\nTrọng lượng: 6 g<br />\r\n&nbsp;</p>', 500, 0, '1516044129.jpg', 1, 1, 0, 1, '2018-01-16 02:22:09', '2018-01-16 17:01:54'),
	(35, 'Tai nghe iphone', 'tai-nghe-iphone', 6, '<p>Thuộc dạng tai nghe in-ear - nh&eacute;t tai<br />\r\nChất liệu nam ch&acirc;m neodymium 300kJ/m3 được d&ugrave;ng để t&aacute;i tạo &acirc;m Bass mạnh mẽ v&agrave; sống động<br />\r\nĐường k&iacute;nh: 13,5 mm<br />\r\nĐộ nhạy: 104 dB<br />\r\nTần số đ&aacute;p ứng: 18-22.000 Hz<br />\r\nC&ocirc;ng suất đầu v&agrave;o tối đa: 100 mW<br />\r\nTrở kh&aacute;ng: 16 &Omega;<br />\r\nChiều d&agrave;i c&aacute;p: 1,2 m<br />\r\nKết nối: Jack mini stereo<br />\r\nTrọng lượng: 6 g<br />\r\n&nbsp;</p>', 450, 0, '1516044174.jpg', 1, 1, 0, 0, '2018-01-16 02:22:54', '2018-01-16 02:22:54'),
	(36, 'Tai nghe iphone', 'tai-nghe-iphone', 6, '<p>Thuộc dạng tai nghe in-ear - nh&eacute;t tai<br />\r\nChất liệu nam ch&acirc;m neodymium 300kJ/m3 được d&ugrave;ng để t&aacute;i tạo &acirc;m Bass mạnh mẽ v&agrave; sống động<br />\r\nĐường k&iacute;nh: 13,5 mm<br />\r\nĐộ nhạy: 104 dB<br />\r\nTần số đ&aacute;p ứng: 18-22.000 Hz<br />\r\nC&ocirc;ng suất đầu v&agrave;o tối đa: 100 mW<br />\r\nTrở kh&aacute;ng: 16 &Omega;<br />\r\nChiều d&agrave;i c&aacute;p: 1,2 m<br />\r\nKết nối: Jack mini stereo<br />\r\nTrọng lượng: 6 g<br />\r\n&nbsp;</p>', 480, 400, '1516044215.jpg', 1, 1, 0, 0, '2018-01-16 02:23:35', '2018-01-16 02:23:35'),
	(37, 'Tai nghe không giây iphone', 'tai-nghe-khong-giay-iphone', 6, '<p>Với kiểu d&aacute;ng nhỏ gọn v&agrave; thời trang, tai nghe Bluetooth Music l&agrave; sự lựa chọn l&yacute; tưởng d&agrave;nh cho những bạn hay di chuyển,<br />\r\n&nbsp;vừa n&oacute;i chuyện điện thoại vừa l&agrave;m việc, l&aacute;i xe,...&nbsp;<br />\r\nL&agrave; sản phẩm mới nhất, tai nghe Bluetooth Music hội tụ ở mức cao nhất những t&iacute;nh năng ưu việt<br />\r\n.Tai nghe sử dụng c&ocirc;ng nghệ truyền tải kh&ocirc;ng d&acirc;y &acirc;m thanh chất lượng cao,&nbsp;<br />\r\ngi&uacute;p tăng chất lượng &acirc;m thanh đ&agrave;m thoại, đem lại tiện &iacute;ch tối đa cho bạn.<br />\r\n&nbsp;Th&ecirc;m v&agrave;o đ&oacute;, với kiểu d&aacute;ng gọn nhẹ v&agrave; sắc m&agrave;u qu&yacute; ph&aacute;i,&nbsp;<br />\r\nsản phẩm c&ograve;n gi&uacute;p mang lại vẻ sang trọng cho người d&ugrave;ng.</p>', 200, 0, '1516044454.jpg', 1, 1, 0, 0, '2018-01-16 02:27:34', '2018-01-16 02:27:34'),
	(38, 'Tai nghe không giây iphone', 'tai-nghe-khong-giay-iphone', 5, '<p>Với kiểu d&aacute;ng nhỏ gọn v&agrave; thời trang, tai nghe Bluetooth Music l&agrave; sự lựa chọn l&yacute; tưởng d&agrave;nh cho những bạn hay di chuyển,<br />\r\n&nbsp;vừa n&oacute;i chuyện điện thoại vừa l&agrave;m việc, l&aacute;i xe,...&nbsp;<br />\r\nL&agrave; sản phẩm mới nhất, tai nghe Bluetooth Music hội tụ ở mức cao nhất những t&iacute;nh năng ưu việt<br />\r\n.Tai nghe sử dụng c&ocirc;ng nghệ truyền tải kh&ocirc;ng d&acirc;y &acirc;m thanh chất lượng cao,&nbsp;<br />\r\ngi&uacute;p tăng chất lượng &acirc;m thanh đ&agrave;m thoại, đem lại tiện &iacute;ch tối đa cho bạn.<br />\r\n&nbsp;Th&ecirc;m v&agrave;o đ&oacute;, với kiểu d&aacute;ng gọn nhẹ v&agrave; sắc m&agrave;u qu&yacute; ph&aacute;i,&nbsp;<br />\r\nsản phẩm c&ograve;n gi&uacute;p mang lại vẻ sang trọng cho người d&ugrave;ng.</p>', 300, 0, '1516044494.jpg', 1, 1, 0, 0, '2018-01-16 02:28:14', '2018-01-16 02:28:14'),
	(39, 'Tai nghe samsung', 'tai-nghe-samsung', 6, '<p>Bảo h&agrave;nh 1 năm 1 đổi 1</p>\r\n\r\n<p>Cực k&igrave; nổi bật với sắc hồng trẻ trung.</p>\r\n\r\n<p>Tương th&iacute;ch tốt với nhiều d&ograve;ng điện thoại.</p>\r\n\r\n<p>Tai nghe dạng n&uacute;t gi&uacute;p c&aacute;ch &acirc;m tốt với b&ecirc;n ngo&agrave;i.</p>\r\n\r\n<p>C&oacute; n&uacute;t ấn nhận cuộc gọi, ngừng/chơi nhạc, tăng/giảm &acirc;m lượng.</p>\r\n\r\n<p>D&acirc;y d&agrave;i 120 cm thoải m&aacute;i để vừa d&ugrave;ng m&aacute;y vừa nghe nhạc.</p>', 120, 0, '1516044951.jpg', 1, 1, 0, 0, '2018-01-16 02:35:51', '2018-01-16 02:35:51'),
	(40, 'Tai nghe samsung', 'tai-nghe-samsung', 6, '<p>Bảo h&agrave;nh 1 năm 1 đổi 1</p>\r\n\r\n<p>Cực k&igrave; nổi bật với sắc hồng trẻ trung.</p>\r\n\r\n<p>Tương th&iacute;ch tốt với nhiều d&ograve;ng điện thoại.</p>\r\n\r\n<p>Tai nghe dạng n&uacute;t gi&uacute;p c&aacute;ch &acirc;m tốt với b&ecirc;n ngo&agrave;i.</p>\r\n\r\n<p>C&oacute; n&uacute;t ấn nhận cuộc gọi, ngừng/chơi nhạc, tăng/giảm &acirc;m lượng.</p>\r\n\r\n<p>D&acirc;y d&agrave;i 120 cm thoải m&aacute;i để vừa d&ugrave;ng m&aacute;y vừa nghe nhạc.</p>', 150, 140, '1516045001.jpg', 1, 1, 0, 0, '2018-01-16 02:36:41', '2018-01-16 02:36:41'),
	(41, 'Tai nghe samsung', 'tai-nghe-samsung', 6, '<p>Bảo h&agrave;nh 1 năm 1 đổi 1</p>\r\n\r\n<p>Cực k&igrave; nổi bật với sắc hồng trẻ trung.</p>\r\n\r\n<p>Tương th&iacute;ch tốt với nhiều d&ograve;ng điện thoại.</p>\r\n\r\n<p>Tai nghe dạng n&uacute;t gi&uacute;p c&aacute;ch &acirc;m tốt với b&ecirc;n ngo&agrave;i.</p>\r\n\r\n<p>C&oacute; n&uacute;t ấn nhận cuộc gọi, ngừng/chơi nhạc, tăng/giảm &acirc;m lượng.</p>\r\n\r\n<p>D&acirc;y d&agrave;i 120 cm thoải m&aacute;i để vừa d&ugrave;ng m&aacute;y vừa nghe nhạc.</p>', 140, 0, '1516045079.png', 1, 1, 0, 0, '2018-01-16 02:37:59', '2018-01-16 02:37:59'),
	(42, 'Gậy tự sướng', 'gay-tu-suong', 7, '<p>Model:&nbsp;<strong>G&acirc;̣y tự sướng k&ecirc;́t n&ocirc;́i blutooth ki&ecirc;m giá đỡ 3 ch&acirc;n WXY-01</strong></p>\r\n\r\n<p>Kích thước : 195 x 44 x 46 cm ( D x R x C )</p>\r\n\r\n<p>Trọng lượng: 135g</p>\r\n\r\n<p>&nbsp;Tương thích: IOS, Android</p>\r\n\r\n<p>&nbsp;Chi&ecirc;̀u dài t&ocirc;́i đa: 82cm</p>\r\n\r\n<p>- Màu sắc: H&ocirc;̀ng, đen, trắng.</p>', 90, 80, '1516046575.jpg', 1, 1, 0, 0, '2018-01-16 03:02:55', '2018-01-16 03:02:55'),
	(45, 'Gậy tự sướng', 'gay-tu-suong', 7, '<p>Được l&agrave;m kim loại&nbsp;cao cấp, bền bỉ, trọng lượng nhẹ n&ecirc;n bạn c&oacute; thể dễ d&agrave;ng mang theo b&ecirc;n m&igrave;nh trong những chuyến h&agrave;nh tr&igrave;nh của m&igrave;nh. Sản phẩm c&oacute;&nbsp;thể thu gọn lại v&agrave; k&eacute;o d&agrave;i&nbsp;t&ugrave;y &yacute; chỉnh để c&oacute; được một g&oacute;c chụp đẹp&nbsp;nhất. Với sản phẩm n&agrave;y,&nbsp;bạn c&oacute; thể thoải m&aacute;i chụp được những bức ảnh selfie c&aacute; nh&acirc;n, c&ugrave;ng bạn b&egrave; v&agrave; gia đ&igrave;nh một c&aacute;ch dễ d&agrave;ng. C&ugrave;ng với khả năng xoay linh hoạt, bạn tha hồ thỏa sức s&aacute;ng tạo cho những bức ảnh trong nhiều g&oacute;c quay kh&aacute;c nhau.</p>', 90, 0, '1516065880.jpg', 1, 1, 0, 0, '2018-01-16 08:24:40', '2018-01-16 08:24:40'),
	(46, 'Gậy tự sướng', 'gay-tu-suong', 7, '<p>Được l&agrave;m kim loại&nbsp;cao cấp, bền bỉ, trọng lượng nhẹ n&ecirc;n bạn c&oacute; thể dễ d&agrave;ng mang theo b&ecirc;n m&igrave;nh trong những chuyến h&agrave;nh tr&igrave;nh của m&igrave;nh. Sản phẩm c&oacute;&nbsp;thể thu gọn lại v&agrave; k&eacute;o d&agrave;i&nbsp;t&ugrave;y &yacute; chỉnh để c&oacute; được một g&oacute;c chụp đẹp&nbsp;nhất. Với sản phẩm n&agrave;y,&nbsp;bạn c&oacute; thể thoải m&aacute;i chụp được những bức ảnh selfie c&aacute; nh&acirc;n, c&ugrave;ng bạn b&egrave; v&agrave; gia đ&igrave;nh một c&aacute;ch dễ d&agrave;ng. C&ugrave;ng với khả năng xoay linh hoạt, bạn tha hồ thỏa sức s&aacute;ng tạo cho những bức ảnh trong nhiều g&oacute;c quay kh&aacute;c nhau.</p>', 120, 100, '1516065911.jpg', 1, 1, 0, 0, '2018-01-16 08:25:11', '2018-01-16 08:25:11'),
	(47, 'Gậy tự sướng', 'gay-tu-suong', 7, '<p>Được l&agrave;m kim loại&nbsp;cao cấp, bền bỉ, trọng lượng nhẹ n&ecirc;n bạn c&oacute; thể dễ d&agrave;ng mang theo b&ecirc;n m&igrave;nh trong những chuyến h&agrave;nh tr&igrave;nh của m&igrave;nh. Sản phẩm c&oacute;&nbsp;thể thu gọn lại v&agrave; k&eacute;o d&agrave;i&nbsp;t&ugrave;y &yacute; chỉnh để c&oacute; được một g&oacute;c chụp đẹp&nbsp;nhất. Với sản phẩm n&agrave;y,&nbsp;bạn c&oacute; thể thoải m&aacute;i chụp được những bức ảnh selfie c&aacute; nh&acirc;n, c&ugrave;ng bạn b&egrave; v&agrave; gia đ&igrave;nh một c&aacute;ch dễ d&agrave;ng. C&ugrave;ng với khả năng xoay linh hoạt, bạn tha hồ thỏa sức s&aacute;ng tạo cho những bức ảnh trong nhiều g&oacute;c quay kh&aacute;c nhau.</p>', 130, 125, '1516065945.jpg', 0, 1, 0, 0, '2018-01-16 08:25:45', '2018-01-16 08:25:45'),
	(48, 'Gậy tự sướng', 'gay-tu-suong', 7, '<p>Được l&agrave;m kim loại&nbsp;cao cấp, bền bỉ, trọng lượng nhẹ n&ecirc;n bạn c&oacute; thể dễ d&agrave;ng mang theo b&ecirc;n m&igrave;nh trong những chuyến h&agrave;nh tr&igrave;nh của m&igrave;nh. Sản phẩm c&oacute;&nbsp;thể thu gọn lại v&agrave; k&eacute;o d&agrave;i&nbsp;t&ugrave;y &yacute; chỉnh để c&oacute; được một g&oacute;c chụp đẹp&nbsp;nhất. Với sản phẩm n&agrave;y,&nbsp;bạn c&oacute; thể thoải m&aacute;i chụp được những bức ảnh selfie c&aacute; nh&acirc;n, c&ugrave;ng bạn b&egrave; v&agrave; gia đ&igrave;nh một c&aacute;ch dễ d&agrave;ng. C&ugrave;ng với khả năng xoay linh hoạt, bạn tha hồ thỏa sức s&aacute;ng tạo cho những bức ảnh trong nhiều g&oacute;c quay kh&aacute;c nhau.</p>', 80, 0, '1516065988.jpg', 0, 1, 0, 0, '2018-01-16 08:26:28', '2018-01-16 08:26:28'),
	(49, 'Gậy tự sướng', 'gay-tu-suong', 7, '<p>Được l&agrave;m kim loại&nbsp;cao cấp, bền bỉ, trọng lượng nhẹ n&ecirc;n bạn c&oacute; thể dễ d&agrave;ng mang theo b&ecirc;n m&igrave;nh trong những chuyến h&agrave;nh tr&igrave;nh của m&igrave;nh. Sản phẩm c&oacute;&nbsp;thể thu gọn lại v&agrave; k&eacute;o d&agrave;i&nbsp;t&ugrave;y &yacute; chỉnh để c&oacute; được một g&oacute;c chụp đẹp&nbsp;nhất. Với sản phẩm n&agrave;y,&nbsp;bạn c&oacute; thể thoải m&aacute;i chụp được những bức ảnh selfie c&aacute; nh&acirc;n, c&ugrave;ng bạn b&egrave; v&agrave; gia đ&igrave;nh một c&aacute;ch dễ d&agrave;ng. C&ugrave;ng với khả năng xoay linh hoạt, bạn tha hồ thỏa sức s&aacute;ng tạo cho những bức ảnh trong nhiều g&oacute;c quay kh&aacute;c nhau.</p>', 125, 110, '1516066070.png', 0, 1, 0, 0, '2018-01-16 08:27:50', '2018-01-16 08:27:50'),
	(50, 'Gậy tự sướng', 'gay-tu-suong', 7, '<p>Được l&agrave;m kim loại&nbsp;cao cấp, bền bỉ, trọng lượng nhẹ n&ecirc;n bạn c&oacute; thể dễ d&agrave;ng mang theo b&ecirc;n m&igrave;nh trong những chuyến h&agrave;nh tr&igrave;nh của m&igrave;nh. Sản phẩm c&oacute;&nbsp;thể thu gọn lại v&agrave; k&eacute;o d&agrave;i&nbsp;t&ugrave;y &yacute; chỉnh để c&oacute; được một g&oacute;c chụp đẹp&nbsp;nhất. Với sản phẩm n&agrave;y,&nbsp;bạn c&oacute; thể thoải m&aacute;i chụp được những bức ảnh selfie c&aacute; nh&acirc;n, c&ugrave;ng bạn b&egrave; v&agrave; gia đ&igrave;nh một c&aacute;ch dễ d&agrave;ng. C&ugrave;ng với khả năng xoay linh hoạt, bạn tha hồ thỏa sức s&aacute;ng tạo cho những bức ảnh trong nhiều g&oacute;c quay kh&aacute;c nhau.</p>', 80, 0, '1516066146.jpg', 0, 1, 0, 0, '2018-01-16 08:29:06', '2018-01-16 08:29:06'),
	(51, 'Gậy tự sướng', 'gay-tu-suong', 7, '<p>Được l&agrave;m kim loại&nbsp;cao cấp, bền bỉ, trọng lượng nhẹ n&ecirc;n bạn c&oacute; thể dễ d&agrave;ng mang theo b&ecirc;n m&igrave;nh trong những chuyến h&agrave;nh tr&igrave;nh của m&igrave;nh. Sản phẩm c&oacute;&nbsp;thể thu gọn lại v&agrave; k&eacute;o d&agrave;i&nbsp;t&ugrave;y &yacute; chỉnh để c&oacute; được một g&oacute;c chụp đẹp&nbsp;nhất. Với sản phẩm n&agrave;y,&nbsp;bạn c&oacute; thể thoải m&aacute;i chụp được những bức ảnh selfie c&aacute; nh&acirc;n, c&ugrave;ng bạn b&egrave; v&agrave; gia đ&igrave;nh một c&aacute;ch dễ d&agrave;ng. C&ugrave;ng với khả năng xoay linh hoạt, bạn tha hồ thỏa sức s&aacute;ng tạo cho những bức ảnh trong nhiều g&oacute;c quay kh&aacute;c nhau.</p>', 95, 0, '1516066224.jpg', 1, 1, 0, 0, '2018-01-16 08:30:24', '2018-01-16 08:30:24'),
	(52, 'Giá đỡ điện thoại', 'gia-do-dien-thoai', 8, '<p><br />\r\nvới thi&ecirc;t kế th&ocirc;ng minh c&oacute; thể sử dụng được cho tất cả c&aacute;c loại điện thoại v&agrave; m&aacute;y t&iacute;nh bảng.<br />\r\nsản phẩm l&agrave;m bằng nhựa cao cấp với thiết kế nhỏ gọn,&nbsp;<br />\r\nkiểu d&aacute;ng thanh lịch v&agrave; trang nh&atilde;, dễ d&agrave;ng gấp gọn, thuận tiện mang theo b&ecirc;n m&igrave;nh để sử dụng mọi l&uacute;c mọi nơi.<br />\r\ngi&uacute;p người d&ugrave;ng r&egrave;n luyện th&oacute;i quen ngăn nắp, g&oacute;p phần bảo vệ c&aacute;c sản phẩm c&ocirc;ng nghệ tr&aacute;nh bị rơi, vỡ, trầy xước.&nbsp;<br />\r\nph&iacute;a sau gi&aacute; đỡ c&oacute; c&aacute;c khấc trượt, c&oacute; thể tự do điều chỉnh độ nghi&ecirc;ng t&ugrave;y theo mong muốn của bạn.<br />\r\nl&agrave; d&ograve;ng sản phẩm tiện lợi đang được c&aacute;c bạn trẻ v&ocirc; c&ugrave;ng y&ecirc;u th&iacute;ch.<br />\r\nth&iacute;ch hợp l&agrave;m qu&agrave; tặng cho bạn b&egrave; v&agrave; người th&acirc;n.</p>\r\n\r\n<p>C&ocirc;ng dụng : Đỡ , gi&aacute; để điện thoại m&aacute;y t&iacute;nh bảng khi xem phim chơi game nghe nhạc chống mỏi tiện dụng<br />\r\nK&iacute;ch thước sản phẩm: 18,5x8x9cm<br />\r\nM&agrave;u sắc được shop giao ngẫu nhi&ecirc;n - nếu đặt nhiều đơn h&agrave;ng sẽ được ưu ti&ecirc;n giao nhiều m&agrave;u kh&aacute;c nhau</p>', 30, 0, '1516066494.jpg', 1, 1, 45, 0, '2018-01-16 08:34:54', '2018-01-16 08:34:54'),
	(53, 'Giá đỡ điện thoại', 'gia-do-dien-thoai', 8, '<p><br />\r\nvới thi&ecirc;t kế th&ocirc;ng minh c&oacute; thể sử dụng được cho tất cả c&aacute;c loại điện thoại v&agrave; m&aacute;y t&iacute;nh bảng.<br />\r\nsản phẩm l&agrave;m bằng nhựa cao cấp với thiết kế nhỏ gọn,&nbsp;<br />\r\nkiểu d&aacute;ng thanh lịch v&agrave; trang nh&atilde;, dễ d&agrave;ng gấp gọn, thuận tiện mang theo b&ecirc;n m&igrave;nh để sử dụng mọi l&uacute;c mọi nơi.<br />\r\ngi&uacute;p người d&ugrave;ng r&egrave;n luyện th&oacute;i quen ngăn nắp, g&oacute;p phần bảo vệ c&aacute;c sản phẩm c&ocirc;ng nghệ tr&aacute;nh bị rơi, vỡ, trầy xước.&nbsp;<br />\r\nph&iacute;a sau gi&aacute; đỡ c&oacute; c&aacute;c khấc trượt, c&oacute; thể tự do điều chỉnh độ nghi&ecirc;ng t&ugrave;y theo mong muốn của bạn.<br />\r\nl&agrave; d&ograve;ng sản phẩm tiện lợi đang được c&aacute;c bạn trẻ v&ocirc; c&ugrave;ng y&ecirc;u th&iacute;ch.<br />\r\nth&iacute;ch hợp l&agrave;m qu&agrave; tặng cho bạn b&egrave; v&agrave; người th&acirc;n.</p>\r\n\r\n<p>C&ocirc;ng dụng : Đỡ , gi&aacute; để điện thoại m&aacute;y t&iacute;nh bảng khi xem phim chơi game nghe nhạc chống mỏi tiện dụng<br />\r\nK&iacute;ch thước sản phẩm: 18,5x8x9cm<br />\r\nM&agrave;u sắc được shop giao ngẫu nhi&ecirc;n - nếu đặt nhiều đơn h&agrave;ng sẽ được ưu ti&ecirc;n giao nhiều m&agrave;u kh&aacute;c nhau</p>', 40, 35, '1516066539.jpg', 1, 1, 0, 0, '2018-01-16 08:35:39', '2018-01-16 08:35:39'),
	(54, 'Giá đỡ điện thoại', 'gia-do-dien-thoai', 5, '<p><br />\r\nvới thi&ecirc;t kế th&ocirc;ng minh c&oacute; thể sử dụng được cho tất cả c&aacute;c loại điện thoại v&agrave; m&aacute;y t&iacute;nh bảng.<br />\r\nsản phẩm l&agrave;m bằng nhựa cao cấp với thiết kế nhỏ gọn,&nbsp;<br />\r\nkiểu d&aacute;ng thanh lịch v&agrave; trang nh&atilde;, dễ d&agrave;ng gấp gọn, thuận tiện mang theo b&ecirc;n m&igrave;nh để sử dụng mọi l&uacute;c mọi nơi.<br />\r\ngi&uacute;p người d&ugrave;ng r&egrave;n luyện th&oacute;i quen ngăn nắp, g&oacute;p phần bảo vệ c&aacute;c sản phẩm c&ocirc;ng nghệ tr&aacute;nh bị rơi, vỡ, trầy xước.&nbsp;<br />\r\nph&iacute;a sau gi&aacute; đỡ c&oacute; c&aacute;c khấc trượt, c&oacute; thể tự do điều chỉnh độ nghi&ecirc;ng t&ugrave;y theo mong muốn của bạn.<br />\r\nl&agrave; d&ograve;ng sản phẩm tiện lợi đang được c&aacute;c bạn trẻ v&ocirc; c&ugrave;ng y&ecirc;u th&iacute;ch.<br />\r\nth&iacute;ch hợp l&agrave;m qu&agrave; tặng cho bạn b&egrave; v&agrave; người th&acirc;n.</p>\r\n\r\n<p>C&ocirc;ng dụng : Đỡ , gi&aacute; để điện thoại m&aacute;y t&iacute;nh bảng khi xem phim chơi game nghe nhạc chống mỏi tiện dụng<br />\r\nK&iacute;ch thước sản phẩm: 18,5x8x9cm<br />\r\nM&agrave;u sắc được shop giao ngẫu nhi&ecirc;n - nếu đặt nhiều đơn h&agrave;ng sẽ được ưu ti&ecirc;n giao nhiều m&agrave;u kh&aacute;c nhau</p>', 85, 0, '1516066699.jpg', 0, 1, 0, 0, '2018-01-16 08:38:19', '2018-01-16 08:38:19'),
	(55, 'Giá đỡ điện thoại', 'gia-do-dien-thoai', 8, '<p><br />\r\nvới thi&ecirc;t kế th&ocirc;ng minh c&oacute; thể sử dụng được cho tất cả c&aacute;c loại điện thoại v&agrave; m&aacute;y t&iacute;nh bảng.<br />\r\nsản phẩm l&agrave;m bằng nhựa cao cấp với thiết kế nhỏ gọn,&nbsp;<br />\r\nkiểu d&aacute;ng thanh lịch v&agrave; trang nh&atilde;, dễ d&agrave;ng gấp gọn, thuận tiện mang theo b&ecirc;n m&igrave;nh để sử dụng mọi l&uacute;c mọi nơi.<br />\r\ngi&uacute;p người d&ugrave;ng r&egrave;n luyện th&oacute;i quen ngăn nắp, g&oacute;p phần bảo vệ c&aacute;c sản phẩm c&ocirc;ng nghệ tr&aacute;nh bị rơi, vỡ, trầy xước.&nbsp;<br />\r\nph&iacute;a sau gi&aacute; đỡ c&oacute; c&aacute;c khấc trượt, c&oacute; thể tự do điều chỉnh độ nghi&ecirc;ng t&ugrave;y theo mong muốn của bạn.<br />\r\nl&agrave; d&ograve;ng sản phẩm tiện lợi đang được c&aacute;c bạn trẻ v&ocirc; c&ugrave;ng y&ecirc;u th&iacute;ch.<br />\r\nth&iacute;ch hợp l&agrave;m qu&agrave; tặng cho bạn b&egrave; v&agrave; người th&acirc;n.</p>\r\n\r\n<p>C&ocirc;ng dụng : Đỡ , gi&aacute; để điện thoại m&aacute;y t&iacute;nh bảng khi xem phim chơi game nghe nhạc chống mỏi tiện dụng<br />\r\nK&iacute;ch thước sản phẩm: 18,5x8x9cm<br />\r\nM&agrave;u sắc được shop giao ngẫu nhi&ecirc;n - nếu đặt nhiều đơn h&agrave;ng sẽ được ưu ti&ecirc;n giao nhiều m&agrave;u kh&aacute;c nhau</p>', 50, 0, '1516066729.jpg', 0, 1, 20, 0, '2018-01-16 08:38:49', '2018-01-16 08:38:49'),
	(56, 'Giá đỡ điện thoại', 'gia-do-dien-thoai', 8, '<p><br />\r\nvới thi&ecirc;t kế th&ocirc;ng minh c&oacute; thể sử dụng được cho tất cả c&aacute;c loại điện thoại v&agrave; m&aacute;y t&iacute;nh bảng.<br />\r\nsản phẩm l&agrave;m bằng nhựa cao cấp với thiết kế nhỏ gọn,&nbsp;<br />\r\nkiểu d&aacute;ng thanh lịch v&agrave; trang nh&atilde;, dễ d&agrave;ng gấp gọn, thuận tiện mang theo b&ecirc;n m&igrave;nh để sử dụng mọi l&uacute;c mọi nơi.<br />\r\ngi&uacute;p người d&ugrave;ng r&egrave;n luyện th&oacute;i quen ngăn nắp, g&oacute;p phần bảo vệ c&aacute;c sản phẩm c&ocirc;ng nghệ tr&aacute;nh bị rơi, vỡ, trầy xước.&nbsp;<br />\r\nph&iacute;a sau gi&aacute; đỡ c&oacute; c&aacute;c khấc trượt, c&oacute; thể tự do điều chỉnh độ nghi&ecirc;ng t&ugrave;y theo mong muốn của bạn.<br />\r\nl&agrave; d&ograve;ng sản phẩm tiện lợi đang được c&aacute;c bạn trẻ v&ocirc; c&ugrave;ng y&ecirc;u th&iacute;ch.<br />\r\nth&iacute;ch hợp l&agrave;m qu&agrave; tặng cho bạn b&egrave; v&agrave; người th&acirc;n.</p>\r\n\r\n<p>C&ocirc;ng dụng : Đỡ , gi&aacute; để điện thoại m&aacute;y t&iacute;nh bảng khi xem phim chơi game nghe nhạc chống mỏi tiện dụng<br />\r\nK&iacute;ch thước sản phẩm: 18,5x8x9cm<br />\r\nM&agrave;u sắc được shop giao ngẫu nhi&ecirc;n - nếu đặt nhiều đơn h&agrave;ng sẽ được ưu ti&ecirc;n giao nhiều m&agrave;u kh&aacute;c nhau</p>', 45, 0, '1516066811.jpg', 0, 1, 53, 0, '2018-01-16 08:40:11', '2018-01-16 08:40:11'),
	(57, 'Giá đỡ điện thoại', 'gia-do-dien-thoai', 8, '<p><br />\r\nvới thi&ecirc;t kế th&ocirc;ng minh c&oacute; thể sử dụng được cho tất cả c&aacute;c loại điện thoại v&agrave; m&aacute;y t&iacute;nh bảng.<br />\r\nsản phẩm l&agrave;m bằng nhựa cao cấp với thiết kế nhỏ gọn,&nbsp;<br />\r\nkiểu d&aacute;ng thanh lịch v&agrave; trang nh&atilde;, dễ d&agrave;ng gấp gọn, thuận tiện mang theo b&ecirc;n m&igrave;nh để sử dụng mọi l&uacute;c mọi nơi.<br />\r\ngi&uacute;p người d&ugrave;ng r&egrave;n luyện th&oacute;i quen ngăn nắp, g&oacute;p phần bảo vệ c&aacute;c sản phẩm c&ocirc;ng nghệ tr&aacute;nh bị rơi, vỡ, trầy xước.&nbsp;<br />\r\nph&iacute;a sau gi&aacute; đỡ c&oacute; c&aacute;c khấc trượt, c&oacute; thể tự do điều chỉnh độ nghi&ecirc;ng t&ugrave;y theo mong muốn của bạn.<br />\r\nl&agrave; d&ograve;ng sản phẩm tiện lợi đang được c&aacute;c bạn trẻ v&ocirc; c&ugrave;ng y&ecirc;u th&iacute;ch.<br />\r\nth&iacute;ch hợp l&agrave;m qu&agrave; tặng cho bạn b&egrave; v&agrave; người th&acirc;n.</p>\r\n\r\n<p>C&ocirc;ng dụng : Đỡ , gi&aacute; để điện thoại m&aacute;y t&iacute;nh bảng khi xem phim chơi game nghe nhạc chống mỏi tiện dụng<br />\r\nK&iacute;ch thước sản phẩm: 18,5x8x9cm<br />\r\nM&agrave;u sắc được shop giao ngẫu nhi&ecirc;n - nếu đặt nhiều đơn h&agrave;ng sẽ được ưu ti&ecirc;n giao nhiều m&agrave;u kh&aacute;c nhau</p>', 35, 0, '1516066842.jpg', 0, 1, 0, 0, '2018-01-16 08:40:42', '2018-01-16 08:40:42'),
	(58, 'Giá đỡ điện thoại', 'gia-do-dien-thoai', 8, '<p><br />\r\nvới thi&ecirc;t kế th&ocirc;ng minh c&oacute; thể sử dụng được cho tất cả c&aacute;c loại điện thoại v&agrave; m&aacute;y t&iacute;nh bảng.<br />\r\nsản phẩm l&agrave;m bằng nhựa cao cấp với thiết kế nhỏ gọn,&nbsp;<br />\r\nkiểu d&aacute;ng thanh lịch v&agrave; trang nh&atilde;, dễ d&agrave;ng gấp gọn, thuận tiện mang theo b&ecirc;n m&igrave;nh để sử dụng mọi l&uacute;c mọi nơi.<br />\r\ngi&uacute;p người d&ugrave;ng r&egrave;n luyện th&oacute;i quen ngăn nắp, g&oacute;p phần bảo vệ c&aacute;c sản phẩm c&ocirc;ng nghệ tr&aacute;nh bị rơi, vỡ, trầy xước.&nbsp;<br />\r\nph&iacute;a sau gi&aacute; đỡ c&oacute; c&aacute;c khấc trượt, c&oacute; thể tự do điều chỉnh độ nghi&ecirc;ng t&ugrave;y theo mong muốn của bạn.<br />\r\nl&agrave; d&ograve;ng sản phẩm tiện lợi đang được c&aacute;c bạn trẻ v&ocirc; c&ugrave;ng y&ecirc;u th&iacute;ch.<br />\r\nth&iacute;ch hợp l&agrave;m qu&agrave; tặng cho bạn b&egrave; v&agrave; người th&acirc;n.</p>\r\n\r\n<p>C&ocirc;ng dụng : Đỡ , gi&aacute; để điện thoại m&aacute;y t&iacute;nh bảng khi xem phim chơi game nghe nhạc chống mỏi tiện dụng<br />\r\nK&iacute;ch thước sản phẩm: 18,5x8x9cm<br />\r\nM&agrave;u sắc được shop giao ngẫu nhi&ecirc;n - nếu đặt nhiều đơn h&agrave;ng sẽ được ưu ti&ecirc;n giao nhiều m&agrave;u kh&aacute;c nhau</p>', 40, 0, '1516066888.jpg', 0, 1, 56, 0, '2018-01-16 08:41:28', '2018-01-16 08:41:28'),
	(59, 'Giá đỡ điện thoại', 'gia-do-dien-thoai', 8, '<p><br />\r\nvới thi&ecirc;t kế th&ocirc;ng minh c&oacute; thể sử dụng được cho tất cả c&aacute;c loại điện thoại v&agrave; m&aacute;y t&iacute;nh bảng.<br />\r\nsản phẩm l&agrave;m bằng nhựa cao cấp với thiết kế nhỏ gọn,&nbsp;<br />\r\nkiểu d&aacute;ng thanh lịch v&agrave; trang nh&atilde;, dễ d&agrave;ng gấp gọn, thuận tiện mang theo b&ecirc;n m&igrave;nh để sử dụng mọi l&uacute;c mọi nơi.<br />\r\ngi&uacute;p người d&ugrave;ng r&egrave;n luyện th&oacute;i quen ngăn nắp, g&oacute;p phần bảo vệ c&aacute;c sản phẩm c&ocirc;ng nghệ tr&aacute;nh bị rơi, vỡ, trầy xước.&nbsp;<br />\r\nph&iacute;a sau gi&aacute; đỡ c&oacute; c&aacute;c khấc trượt, c&oacute; thể tự do điều chỉnh độ nghi&ecirc;ng t&ugrave;y theo mong muốn của bạn.<br />\r\nl&agrave; d&ograve;ng sản phẩm tiện lợi đang được c&aacute;c bạn trẻ v&ocirc; c&ugrave;ng y&ecirc;u th&iacute;ch.<br />\r\nth&iacute;ch hợp l&agrave;m qu&agrave; tặng cho bạn b&egrave; v&agrave; người th&acirc;n.</p>\r\n\r\n<p>C&ocirc;ng dụng : Đỡ , gi&aacute; để điện thoại m&aacute;y t&iacute;nh bảng khi xem phim chơi game nghe nhạc chống mỏi tiện dụng<br />\r\nK&iacute;ch thước sản phẩm: 18,5x8x9cm<br />\r\nM&agrave;u sắc được shop giao ngẫu nhi&ecirc;n - nếu đặt nhiều đơn h&agrave;ng sẽ được ưu ti&ecirc;n giao nhiều m&agrave;u kh&aacute;c nhau</p>', 70, 0, '1516066935.jpg', 0, 1, 0, 0, '2018-01-16 08:42:15', '2018-01-16 08:42:15');
/*!40000 ALTER TABLE `product` ENABLE KEYS */;

-- Dumping data for table banhang.slide: ~4 rows (approximately)
/*!40000 ALTER TABLE `slide` DISABLE KEYS */;
INSERT INTO `slide` (`id`, `link`, `status`, `created_at`, `updated_at`) VALUES
	(4, '1516010701.jpg', '1', '2018-01-15 17:05:01', '2018-01-15 17:05:01'),
	(5, '1516010834.jpg', '1', '2018-01-15 17:07:14', '2018-01-15 17:07:14'),
	(6, '1516010848.jpg', '1', '2018-01-15 17:07:28', '2018-01-15 17:07:28'),
	(7, '1516010993.jpg', '0', '2018-01-15 17:12:20', '2018-01-15 17:12:20');
/*!40000 ALTER TABLE `slide` ENABLE KEYS */;

-- Dumping data for table banhang.type_products: ~4 rows (approximately)
/*!40000 ALTER TABLE `type_products` DISABLE KEYS */;
INSERT INTO `type_products` (`id`, `name`, `alias`, `parent_id`, `description`, `status`, `image`, `created_at`, `updated_at`) VALUES
	(5, 'Ốp điện thoại', 'op-dien-thoai', 0, 'ốp điện thoại', 1, NULL, '2018-01-15 17:36:22', '2018-01-15 17:36:22'),
	(6, 'Tai nghe', 'tai-nghe', 0, 'tai nghe', 1, NULL, '2018-01-15 17:37:04', '2018-01-15 17:37:04'),
	(7, 'Gậy tự sướng', 'gay-tu-suong', 0, 'gậy tự  sướng', 1, NULL, '2018-01-15 17:38:29', '2018-01-15 17:38:29'),
	(8, 'Giá đỡ và kẹp', 'gia-do-va-kep', 0, 'giá đỡ và kẹp', 1, NULL, '2018-01-15 17:40:33', '2018-01-15 17:45:23');
/*!40000 ALTER TABLE `type_products` ENABLE KEYS */;

-- Dumping data for table banhang.users: ~12 rows (approximately)
/*!40000 ALTER TABLE `users` DISABLE KEYS */;
INSERT INTO `users` (`id`, `name`, `email`, `password`, `role`, `status`, `facebook_id`, `remember_token`, `created_at`, `updated_at`, `id_cus`) VALUES
	(21, 'trang', 'nguyentrang95@gmail.com', '$2y$10$c0R2TKkWEw/a71Cjs8dXpuNZ3J4EPHFKqJsycoKzuuOsNEVs1R6Le', 1, 1, NULL, 'iaBCPzPRlInRjuHmE264BA3XGAPqgMLzdXLaMMVOartYj8GngCX7UnAmKA0N', '2018-01-14 17:26:53', '2018-01-14 17:26:53', NULL),
	(22, 'manh', 'manh92@gmail.com', '$2y$10$UUDcazi18ThqgF5pCNv1sOwKs350tuu70q.gzFbRbB3wUkVtkMULe', 2, 1, NULL, 'eYiOFpDJJ94LGkeLSpZITNV6gCS6hCLmCLRp6rVi4JHfKOtd9a2yS9QfJKdw', '2018-01-16 16:54:51', '2018-01-16 16:54:51', NULL),
	(23, 'hoang', 'hoang@gmail.com', '$2y$10$DyfdFxrwXcpblLXVrfy4C.UtnLLlLoeeAEf7z8/nN6vIRF49U3zPG', 2, 1, NULL, 'jSThPBPciswoHdxTvRxshQXynmRX4woCaDcpItb7aIkL5IcevnEkCDydsm28', '2018-01-16 20:59:07', '2018-01-16 20:59:07', NULL),
	(24, 'nam', 'Nguyennam@gmail.com', '$2y$10$BHhmDmPfUq0DE746BaaTJ./8C5xSah5SgydntS1hwxwULalN.DnVm', 2, 1, NULL, NULL, '2018-01-16 21:09:11', '2018-01-16 21:09:11', NULL),
	(25, 'duong', 'tranduong96@gmail.com', '$2y$10$31hGEIK8P2cFUjw0nBEuV.BWiKnfhe91y2EB8BjwVLpYmlzbYSjMy', 2, 1, NULL, NULL, '2018-01-16 21:10:56', '2018-01-16 21:10:56', NULL),
	(26, 'long', 'hoanglong@gmail.com', '$2y$10$4ga0BJOrrg2f5ObbMXBo3uUwGIrJ0jfdjpcfgM.3E7t8eNp20y6AC', 2, 1, NULL, NULL, '2018-01-16 21:12:44', '2018-01-16 21:12:44', NULL),
	(27, 'long1', 'hoanglong3@gmail.com', '$2y$10$8/e2ecbnQN2AGQqBiOf4dOASda4nGoUdXUELI2pcoF8Flk8iA.3jC', 2, 1, NULL, NULL, '2018-01-16 21:13:52', '2018-01-16 21:13:52', NULL),
	(31, 'truong van manh', 'manhahihi@gmail.com', '$2y$10$PDERk5aiGVncYt5ViFHd7OXyWthq75QHtf8pXnY64sD4D3PIilCIe', 2, 1, NULL, '8NR0VOtp1L2TEYba6jIjmt57VlShBpRgyXeOu7uaEGL6hJnpzKyWTnHqTuOe', '2018-01-16 23:33:30', '2018-01-16 23:33:30', 26),
	(32, 'ahihi', 'ahihi@gmail.com', '$2y$10$CbZ6sp/D02OLKZtKXeEVC.Rr90FkXnDLmgyTGvcBaiZ1dskqjAwuG', 2, 1, NULL, 'Ysq8OctZCcyjsIMcJaqfBLe6kaY25jMLLkyCspARCziq41wboezZSseo1Z8I', '2018-01-16 23:57:56', '2018-01-16 23:57:56', 27),
	(35, 'van1', 'van@gmail.com', '$2y$10$FK23UKR/9eJOFTFiFiJGBu35tc/2t6F8tDWaBkoO7O0ApB18imHiS', 1, 1, NULL, 'zSW67y6ceB9T2lgwEf3ZHWwBuo7JaQSQaP8tHamskmzgBeAFXdrHyULO19qo', '2018-01-17 00:07:58', '2018-01-17 00:07:58', NULL),
	(36, 'lan', 'lan@gmail.com', '$2y$10$HGfLWqq36b/oMZP/4RMxTu2qPA/KIM3GmKQ.B0IPXdQGrsTa5aY6e', 2, 1, NULL, 'VGZiQrlG0BfyZciZeIHHBQsxhPLXavIw8ErJSLLsUPhT2ITo9yWd0mu2sd4D', '2018-01-17 14:57:02', '2018-01-17 14:57:02', 28),
	(37, 'lanh', 'lanh@gmail.com', '$2y$10$lHkJpjTAkpo/xg1GyTMu7erer5PeKHJncfXZBcpaeFqS14yN6e.dS', 2, 1, NULL, NULL, '2018-01-19 10:40:27', '2018-01-19 10:40:27', NULL);
/*!40000 ALTER TABLE `users` ENABLE KEYS */;

-- Dumping data for table banhang.wishlist_users: ~3 rows (approximately)
/*!40000 ALTER TABLE `wishlist_users` DISABLE KEYS */;
INSERT INTO `wishlist_users` (`id`, `id_user`, `id_product`, `created_at`, `updated_at`) VALUES
	(3, 22, 3, '2018-01-16 17:00:38', '2018-01-16 17:00:38'),
	(4, 22, 34, '2018-01-16 17:01:54', '2018-01-16 17:01:54'),
	(5, 22, 2, '2018-01-16 17:05:40', '2018-01-16 17:05:40');
/*!40000 ALTER TABLE `wishlist_users` ENABLE KEYS */;

/*!40101 SET SQL_MODE=IFNULL(@OLD_SQL_MODE, '') */;
/*!40014 SET FOREIGN_KEY_CHECKS=IF(@OLD_FOREIGN_KEY_CHECKS IS NULL, 1, @OLD_FOREIGN_KEY_CHECKS) */;
/*!40101 SET CHARACTER_SET_CLIENT=@OLD_CHARACTER_SET_CLIENT */;
